title,author,year_written,year_published
Харьковскій Демокритъ,,1816,
Одеський вісник,,1827,
Конотопська відьма,Григорій Квітка-Основ'яненко,1833,1837.0
Маруся,Григорій Квітка-Основ'яненко,1832,1834.0
Галицьке Товариство Музичне,,1838,
Шельменко-денщик,Григорій Квітка-Основ'яненко,1830,1840.0
Кобзар,Шевченко Тарас Григорович,1840,1840.0
Зоря Галицка,,1848,
Сон,Шевченко Тарас Григорович,1844,
Кавказ,Шевченко Тарас Григорович,1845,
Чорна рада (роман),Пантелеймон Куліш,1846,
Кобзарь,Шевченко Тарас Григорович,1847,
У тієї Катерини,Шевченко Тарас Григорович,1848,
Наймичка,Шевченко Тарас Григорович,1845,1857.0
Зацвіла в долині,Шевченко Тарас Григорович,1849,
Вістник для Русинів Австрійської Держави,,1849,
Шельменко-денщик,Григорій Квітка-Основ'яненко,1830,1840.0
Запорожець за Дунаєм,,1861,1850.0
Катерина,,1891,1850.0
Наталка Полтавка,,1889,1850.0
Різдв’яна ніч,,1873,1850.0
Максим Гримач,Марко Вовчок,1857,
Наймичка,Шевченко Тарас Григорович,1845,1857.0
Во Іудеї во дні они…,Шевченко Тарас Григорович,1859,
Запорожець за Дунаєм,,1861,1850.0
Вечерниці,,1862,
Люборацькі,Анатоль Свидницький,1861,
Ярошенко,Маковей Осип Степанович,1867,
Маруся,Марко Вовчок,1860,1871.0
Каменярі,Іван Франко,1878,
Русалка (поема),Леся Українка,1877,1887.0
"Хіба ревуть воли, як ясла повні?",Панас Мирний,1875,
Різдв’яна ніч,,1873,1850.0
Чорноморці,,1872,
Маруся,Марко Вовчок,1860,1871.0
Boa constrictor,Іван Франко,1877,1878.0
"Як ковбаса та чарка, то минеться й сварка",Михайло Старицький,1872,
Кіевская старина,,1882,
Наталка Полтавка,,1889,1850.0
Молитва за Україну,,1885,1885.0
Тарас Бульба,,1880,1924.0
Захар Беркут,Іван Франко,1882,1883.0
За двома зайцями,Михайло Старицький,1883,1883.0
Мартин Боруля,Іван Карпенко-Карий,1886,
Сборник Харьковского историко-филологического общества,,1886,
Русалка (поема),Леся Українка,1877,1887.0
Утоплена,,1883,
По ревізії,Кропивницький Марко Лукич,1882,1885.0
Коза-дереза,,1888,
Pershyi vinok,,1887,
Пані Шумінська,Наталя Кобринська,1883,1887.0
Катерина,,1891,1850.0
Літературно-науковий вістник,,1898,
Історія України-Руси,Грушевський Михайло Сергійович,1898,
Свобода,,1893,
Тарас Бульба,,1890,1924.0
The Merck Manuals,Merck & Co,1899,
Лелія,Леся Українка,1890,
Лікарський Вісник,,1898,
Мій шлях,Леся Українка,1890,
Стрийський Голос,,1895,
Рассказ о вовкулаках,,1891,1894.0
Євшан-зілля (поема),Вороний Микола Кіндратович,1899,
Біда навчить,Леся Українка,1891,
Q15987393,,1892,
На крилах пісень,Леся Українка,1890,1892.0
Пан Коцький,,1891,
Голодна воля,Панас Мирний,1897,
Харитя,Михайло Коцюбинський,1891,
Новина,Василь Стефаник,1898,
"Роберт Брюс, король шотландський",Леся Українка,1893,
Nasha dolia,,1893,
Відьма,Михайло Коцюбинський,1898,
Intermezzo,Михайло Коцюбинський,1908,
Fata Morgana,Михайло Коцюбинський,1901,
Іван Вишенський (поема),Іван Франко,1900,
Рада (газета),,1906,
Шершень (журнал),,1908,
Воля (газета),,1900,
"Громадська думка (газета, Київ)",,1906,
Земля,Ольга Кобилянська,1901,1902.0
Земля і воля (газета),,1906,
Молода Україна,,1900,
В катакомбах,Леся Українка,1905,
Відгуки,Леся Українка,1900,
Гайдамаки,,1902,
Камінний хрест,Василь Стефаник,1900,
Хазяїн,Іван Карпенко-Карий,1900,
Жовтий князь,Василь Барка,1900,1963.0
Руфін і Прісцілла,Леся Українка,1906,
Гасло (газета),,1902,
Труды общества исследователей Волыни,,1902,
Пропащий час. Українцї під Московським царством (1654–1876),Драгоманов Михайло Петрович,1909,
Цвіт яблуні,Михайло Коцюбинський,1902,
Meta,,1906,
Боротьба,,1906,
Нова громада,,1906,
Слобідський край,,1917,
Демократична Україна,,1918,
Вісті ВУЦВК,,1918,
Караїмське слово,,1913,
Червона Армія,,1919,
Народня воля (газета),,1917,
Нова Рада (газета),,1917,
"Ще не вмерла України і слава, і воля",,1918,
Щедрик,,742,1919.0
Народна Воля,,1911,
Лісова пісня,Леся Українка,1911,1912.0
Америка: Український католицький щоденник,,1912,
Бояриня (поема),Леся Українка,1910,
Вільна українська школа,,1917,
Енеїда,,1910,2000.0
Камінний господар,Леся Українка,1912,
Культура і життя,,1913,
Кіровоградська правда,,1918,
Луганская правда,,1917,
Маленький горбань,Черкасенко Спиридон Феодосійович,1910,
Наддніпрянська правда,,1917,
Република,,1919,
Роксоляна (роман Осипа Назарчука),Назарук Осип Тадейович,1918,
Український Місіонар у Бразилії,,1911,
Український Прапор,,1919,
Український голос (Рига),,1917,
Українські Робітничі Вісті,,1919,
Чорна Пантера і Білий Медвідь,Володимир Винниченко,1911,
Ноктюрн,,1912,
Вістник Союза визволення України,,1914,
Q16271720,,1919,
Брехня,Володимир Винниченко,1910,
Чесність з собою,Володимир Винниченко,1911,
Деснянська правда,,1917,
Під осінніми зорями,Рильський Максим Тадейович,1911,
Плуг,Тичина Павло Григорович,1918,1920.0
Воля,,1919,
Новини Городнянщини,,1917,
Чорноморець,,1917,1917.0
Боротьба,,1917,
Запорізька правда,,1917,
Уманська зоря,,1919,
Поза межами болю,Турянський Осип Васильович,1917,
Марія,Василь Стефаник,1916,
"Відродження (газета, 1918)",,1918,
Вільна Україна,,1917,
Чорноморська рада,,1917,
"ОРИГІНАЛЬНИЙ ПЛАКАТ ТРЕТЬОГО УНІВЕРСАЛУ, 7 ЛИСТОПАДА 1917 РОКУ.",,1917,
ПРОТОКОЛ ЗУСТРІЧІ УКРАЇНСЬКОЇ НАЦІОНАЛЬНОЇ РАДИ 1919 РОКУ,,1919,
Закон УНР від 25.01(07.02).1918 про восьмигодинний робочий день,,1918,
Нова громада,,1911,
Нова громада,,1917,
Боротьба,,1917,
Вечірній Київ,,1927,
Всесвіт,,1925,
Барвінок,,1928,
Дніпро,,1927,1927.0
Літопис Червоної Калини,,1929,
Літературна Україна,,1927,
Літературний ярмарок,,1928,
Молодь України,,1920,
Музика,,1923,
Місто,Підмогильний Валер'ян Петрович,1927,1928.0
Перець,,1922,
Сільські вісті,,1920,
Тарас Бульба,,1880,1924.0
Тарас Бульба,,1890,1924.0
Розбудова нації (газета),,1928,
Табор,,1923,
Нова хата,,1925,
Час,,1928,
Нові шляхи,,1929,
Краєзнавство (журнал),,1927,
Новий день (Мелітополь),,1923,
Пролетарская правда,,1921,
Радянський статистик (видання),,1924,
Рідна Школа,,1927,
Селянський прапор,,1925,
Сміх і Правда,,1925,
Тваринництво України,,1926,
Старт,,1922,
Сурма (місячник ОУН),,1927,
Сурма (місячник УВО),,1927,
Східний Світ,,1927,
Січ (газета),,1924,
Технічні Вісті,,1925,
Доктор Серафікус,Петров Віктор Платонович,1929,
Народна справа,,1928,
Історія пані Ївги,Підмогильний Валер'ян Петрович,1923,
"Вперед (газета, Ужгород)",,1920,
Вісник НАН України,,1928,
Голос Життя (видання),,1929,
Золотий обруч (опера),,1923,2000.0
Українська Музична Газета,,1926,
Українська Реформація (місячник),,1928,
Українська культура,,1921,
Український Біохімічний Журнал,,1926,
Український студент (Прага),,1920,
Філософська думка (журнал),,1927,
Хліборобська Правда,,1924,
Червоний гірник,,1924,
Червоні Квіти (журнал),,1923,
Шляхом Незалежности,,1929,
Я (Романтика),Микола Хвильовий,1924,
Договір між Естонською Демократичною Республікою та Українською Радянською Соціалістичною Республікою,,1921,
Q16635608,,1920,
Літопис революції,,1922,
Подорож ученого доктора Леонардо і його майбутньої коханки прекрасної Альчести у Слобожанську Швайцарію,Йогансен Майк Гервасійович,1928,
Екран і життя,,1929,
Вітер з України,Тичина Павло Григорович,1920,
Плуг,Тичина Павло Григорович,1918,1920.0
"Ортопедія, травматологія та протезування",,1927,1927.0
Богословія,,1923,
Хам і Яфет,Липинський В'ячеслав Казимирович,1928,1928.0
Вісти Українського наукового інституту в Берліні,,1926,
"КРОПИВНИЦЬКИЙ, МАР'ЯН (ОСОБИСТИЙ АРХІВ)",,1927,
Український сурмач,,1922,
Хлібороб України,,1924,
Аматорський театр,,1925,
Нова громада,,1923,
Нова громада,,1922,
Наукові записки (Українська академія друкарства),,1939,
Вітчизна,,1933,
Гори говорять,Самчук Улас Олексійович,1932,
Дажбог (журнал),,1932,
Донеччина (газета),,1936,
Наукові праці ОНАЗ ім. О.С.Попова,,1933,
Пробоєм,,1934,
Промінь,,1931,1931.0
Самостійна думка,,1931,
Самостійність (тижневик),,1934,
Світ молоді (Коломия),,1934,
Сила (газета),,1930,
Макарівські вісті,,1932,
Мета (газета),,1931,
Архів Радянської України (часопис),,1932,
Бойова молодь,,1930,
Вільне життя плюс,,1939,
Вістник (журнал),,1933,
Геологічний журнал,,1934,
Щорс,,1938,2000.0
Сонечко (видання),,1935,
Студентський шлях (журнал),,1931,
Сіяч (журнал),,1932,
Трибуна трудящих,,1937,
Українська Громадська Пора,,1930,
Українське Юнацтво,,1933,
Український Православний Вісник,,1935,
Учительський Голос,,1930,
Хліборобська молодь,,1934,
Залізничник Донбасу,,1934,
"Газета ""Дубенська правда""",,1939,
Запорожець,,1936,
Три перстені,Богдан-Ігор Антонич,1932,
Книга Лева,Богдан-Ігор Антонич,1934,
Зелена Євангелія,Богдан-Ігор Антонич,1935,
Ротації,Богдан-Ігор Антонич,1935,
Змова в Києві,Плужник Євген Павлович,1930,
Нащадки скіфів,Владко Володимир Миколайович,1937,
Аероторпеди повертають назад,Владко Володимир Миколайович,1933,
Соціалістичний Київ,,1933,
Трибуна хлібороба,,1931,
Образотворче мистецтво,,1935,
Новий шлях,,1935,
Сліпці,Микола Платонович Бажан,1930,
Наша Зоря,,1938,
The Maid,,1939,
Платон Кречет,Корнійчук Олександр Євдокимович,1934,
Козельщинські вісті,,1930,
Окнянський вісник,,1931,
"ВАСИЛЬ СЕДЛЯР. «ГОЛОДОМОРНЕ ВИДАННЯ» КОБЗАРЯ Т. Г. ШЕВЧЕНКА, 1933. ІЛЮСТРАЦІЇ.",,1933,
Special Collection (NAMU),,1937,
Маяк,,1932,
Загибель ескадри,Корнійчук Олександр Євдокимович,1933,
Ідея і Чин,,1942,
Вперед,,1949,
Втікачі,,1948,1948.0
До Зброї,,1943,
Попіл імперій,Юрій Клен,1943,
Наша мета,,1949,
Наше життя (часопис),,1944,
Богдан Хмельницький,,1948,2000.0
Дзвін,,1940,
Прапороносці,Гончар Олесь Терентійович,1946,1946.0
Нова Україна,,1941,
Вільна думка,,1949,
Рідна Земля (тижневик),,1941,
Шлях перемоги,,1948,
Краківські вісті,,1940,
Народна армія,,1943,
Стрілецькі вісті,,1944,
Тигролови,Іван Багряний,1944,1944.0
Розбудова держави (журнал),,1949,
Самостійна Україна (газета),,1948,
Український математичний журнал,,1949,
Українські вісті (газета),,1945,
Холмська Земля,,1942,
Slavistica (серія),,1948,
Архіви України,,1947,1947.0
Аудиторія (газета),,1946,
Визвольний шлях (журнал),,1948,
Відомості Верховної Ради України,,1941,
Любіть Україну!,Сосюра Володимир Миколайович,1944,
Хотинські вісті,,1940,
"Колос (газета, Заліщики)",,1940,
Державна думка,,1945,
Визвольна політика,,1946,
Ніч перед боєм,Олександр Довженко,1942,1942.0
Під золотим орлом (п'єса),Галан Ярослав Олександрович,1947,1947.0
Колекція Зіни Геник-Березовської,,1940,
"Полтарєва, Вікторія. Вишита хустина, 1946. Зразок прикладного мистецтва.",,1946,
Young Guard (opera),,1946,1947.0
Young Guard (opera),,1947,1947.0
Дзвін,,1941,
Кременецький вісник,,1941,1941.0
Кременецький вісник,,1999,1941.0
Гомін України,,1948,
Молода Галичина,,1940,
Гарт. Спортовий часопис,,1946,
Арсенал,,1959,2000.0
Березіль,,1956,
Український історичний журнал,,1957,
Український фізичний журнал,,1956,
"Наше слово (газета, Польща)",,1956,
Біблос,,1954,
Веселка (журнал),,1954,
Вісник Київського університету,,1958,
Дивослово,,1951,
Дукля (журнал),,1953,
Жіночий світ,,1950,
Новий обрій,,1954,
Святослав (роман),Скляренко Семен Дмитрович,1958,1959.0
Український Прометей,,1951,
Фенікс,,1951,
Фізико-технічний факультет Дніпровського національного університету імені Олеся Гончара,,1951,
Лісова пісня,,1955,
Украдене щастя,,1958,2000.0
Дружно вперед,,1951,
Q25396407,Михайло Стельмах,1959,
Нові поезії,,1959,
УКРАЇНСЬКИЙ МУЗЕЙ-АРХІВ У КЛІВЛЕНДІ,,1952,
Механізація сільського господарства,,1950,
Вісник сільськогосподарської науки,,1957,
Поліграфія і видавнича справа,,1964,
Цитологія і генетика,,1967,
Культура слова (журнал),,1967,
Собор (роман),Гончар Олесь Терентійович,1967,1968.0
Сузір'я (видання),,1967,
Сучасність,,1961,
Таємний посол,Малик Володимир Кирилович,1968,
Тореадори з Васюківки,Всеволод Нестайко,1963,1973.0
Українське музикознавство,,1965,
Український Історик,,1963,
Новини кіноекрану,,1961,
«Аристократ» із Вапнярки,Чорногуз Олег Федорович,1964,
Агрохімія і ґрунтознавство,,1965,1966.0
Володимир (роман),Скляренко Семен Дмитрович,1962,
Воля і Батьківщина,,1964,
Вісник Львівського університету. Серія біологічна,,1962,
Вісті Комбатанта,,1961,
Геологія і геохімія горючих копалин,,1965,
Два кольори,,1964,1964.0
Диво (роман),Загребельний Павло Архипович,1968,
Економічна та соціальна географія (наукова збірка),,1966,
Збагачення корисних копалин (періодичне видання),,1967,
Вісті з України,,1960,
Наше слово,,1965,
Снятин,,1968,
Жовтий князь,Василь Барка,1900,1963.0
Ровесник,,1966,
Крилаті,,1963,
Лист творчої молоді Дніпропетровська,Сокульський Іван Григорович,1968,1968.0
Лист творчої молоді Дніпропетровська,Скорик Михайло Тихонович,1968,1968.0
Малятко,,1960,
Мовознавство,,1967,
Молодий буковинець,,1967,
Нотатки з Мистецтва,,1963,
Патріярхат,,1967,
Переклад Біблії Івана Огієнка,,1962,
Подільське слово (1967),,1967,
Mechanics and Advanced Technologies,,1964,
Історіографічні дослідження в Україні,,1968,1968.0
Вісник Львівського університету. Серія фізична,,1962,
Prometheus Collection,,1969,
Knuts Skujenieks collection,,1963,
"ТРИ ЛИСТИ МИХАЙЛИНИ КОЦЮБИНСЬКОЇ ДО ЗІНИ ГЕНИК-БЕРЕЗОВСЬКОЇ, ЛИПЕНЬ-ГРУДЕНЬ 1965 р.",,1965,
A samizdat miniature of M.Yu. Braichevsky’s Priednannia chy voz’ednannia?,,1966,
"Севрук, Галина. Розп’яття, 1969. Кераміка.",,1969,
"Горська, Алла. Василь Симоненко, 1963 р. Живопис.",,1963,
Виноградарство і виноробство,,1964,
Уславлені імена,,1966,
Бесіди про художню літературу,,1963,
Романси на сл. Шевченка,,1962,
Ярослав Мудрий,,1973,2000.0
Листи кохання,,1971,
Ярослав Мудрий,,1972,2000.0
Коли цвіте папороть,,1978,2000.0
Меч Арея,Білик Іван Іванович,1970,
Словник художників України,,1973,1973.0
Три зозулі з поклоном,Григір Тютюнник,1976,
Одиниця з обманом,Всеволод Нестайко,1976,
Тореадори з Васюківки,Всеволод Нестайко,1963,1973.0
Фізична географія та геоморфологія,,1970,
Пригоди. Фантастика,,1972,
Мінералогічний журнал,,1979,
"Світлична, Надія. Книжкова закладка вишита у Мордовії. 1970-ті роки. Зразок прикладного мистецтва.",,1970,
"Стус, Василь. Веселий цвинтар, 1970. рукопис самвидаву.",,1970,
"Стасів-Калинець, Ірина. Оранта, 1970. Рукопис самвидаву.",,1970,
The Ukrainian Herald: Underground Journal from Ukraine. Vol. І-ІІ,,1971,
Two dolls within which photo-films with the images of Opanas Zalivakha’s paintings was smuggled from Soviet Ukraine to the US,,1975,
"Заливаха, Опанас. Зона, 1972 р. Живопис.",,1972,
"ДВА ЛИСТИ МИХАЙЛИНИ КОЦЮБИНСЬКОЇ ДО ЗІНИ ГЕНИК-БЕРЕЗОВСЬКОЇ, 1971.",,1971,
"Стус, Василь. Поеми передані з України, 1979 р. Манускрипт",,1979,
"Листи від В’ячеслава Чорновола до Ірини Стасів-Калинець, 1978.",,1978,
"Василь Стус. Час творчості, українською, 1972. Рукопис.",,1972,
"Стус, Василь. ""Мені зоря сіяла нині вранці…"" Час творчості, українською, 1972. Рукопис.",,1972,
"Світлична, Надія. Сукня з прикрашеним вишивкою комірцем, 1970-ті роки. Одяг.",,1973,
"Стус Василь. Контейнер поезії, вивезений з сибірських трудових таборів 1970-х років",,1970,
Сучасні дослідження з німецької історії,,1973,
Рідна природа,,1971,
Ї,,1989,
bash,,1989,
Збудінне,,1989,
Київ (журнал),,1983,
Пам'ятки України: історія та культура,,1989,
Ірпінський вісник,,1988,
Дзвін (газета),,1989,
Черлені щити,Малик Володимир Кирилович,1982,
"Я, Богдан",Загребельний Павло Архипович,1983,
Зустрічі,,1984,
«Сторінки історії»,,1989,
Катедра,,1988,
"Заливаха, Опанас. Більярд (Табірне), 1989. Живопис.",,1989,
"Samizdat diary of Iuri Shukhevych written on cigarette paper, which he passed from labour camp",,1980,
Oral History Archive at the KARTA Centre Foundation,,1987,
Vytautas Skuodis Collection,,1988,
Кіно-коло,,1997,1997.0
Кіно-коло,,1997,2024.0
Автоспорт (журнал),,1996,
Актуальні проблеми держави і права,,1994,
Банківська справа (журнал),,1995,
Божий сіяч,,1995,
Бористен,,1991,
Нова Польща,,1999,
Товариство українців у Фінляндії,,1997,
ПіК,,1999,
Пізнайко,,1996,
Пошта Mail.Ru,,1998,
Урядовий кур'єр,,1990,
Схід (журнал),,1995,
Україна молода,,1991,
Український нейрохірургічний журнал,,1995,
Хортиця (телекомпанія),,1991,
Бібліотечний вісник,,1993,
Ветеринарна медицина України,,1996,
Вечірній Васильків,,1992,
Військо України (журнал),,1992,
Вісник КНТЕУ,,1998,
Вісті Донецького гірничого інституту,,1995,
Віче (журнал),,1992,
Галицька брама,,1994,
Галичина (журнал),,1997,
Геодинаміка (журнал),,1995,
Дзеркало тижня,,1994,
Комсомольская правда в Украине,,1996,
Все про бухгалтерський облік,,1993,
Ukr.net,,1998,
Український футбол,,1990,
Новий канал,,1998,
Інтер,,1996,
2000 (газета),,1999,
CREDO (часопис),,1992,
Sports.ru,,1998,
Автоматика. Автоматизація. Електротехнічні комплекси та системи,,1997,
Бизнес,,1992,
Біловезька угода,,1991,
1+1,,1995,
Freeciv,,1996,1996.0
Наука та наукознавство,,1993,
Simutrans,,1999,1999.0
Simutrans,,1999,2016.0
День,,1996,
Експрес (газета),,1992,
Експрес (газета),,1994,
"Голос відродження (газета, Бродівський район)",,1990,
Державна справа (часопис),,1992,
Дефіляда (роман),Кожелянко Василь Дмитрович,1997,2000.0
Дзвони Лемківщини (часопис),,1994,
Діловий вісник,,1992,
Жизнь Луганска,,1990,
Журнал фізичних досліджень,,1996,
Збірник урядових нормативних актів України,,1998,1998.0
Знак (періодичне видання),,1993,
Кальміюс,,1999,
Карпати (газета),,1990,
Клас (журнал),,1996,
Кременчуцький ТелеграфЪ,,1998,
Кримська Світлиця,,1992,
Критика (часопис),,1997,
Кур'єр Кривбасу,,1994,
Літопис Борщівщини,,1992,
Митний брокер (журнал),,1997,
Post-Поступ,,1991,
"Народне слово (газета, Кіровоград)",,1990,
Науково-технічна інформація (журнал),,1999,
Нескорені,,1994,
Нова Зоря (газета),,1991,
Новини садівництва,,1993,
Один з нас,,1996,
Офіційний вісник України,,1997,
Перверзія,Андрухович Юрій Ігорович,1996,1997.0
Рада,,1999,
"Radio Station ""Mir"" Međugorje",,1997,
Українські новини,,1993,
Україна,,1993,
Бористен (щомісячник),,1991,
Над Бугом і Нарвою,,1991,
Незборима нація,,1993,
Проскурів,,1992,
Русалка Дністрова,,1992,
Сталінка,Ульяненко Олесь Станіславович,1994,
Лель-ревю,,1994,
Вісник Чернігівського національного педагогічного університету імені Т.Г. Шевченка,,1998,
Вісник Сумського державного університету,,1994,
Порадниця,,1994,
Дух і літера,,1997,
Terra Incognita,,1993,
"Гомін волі (газета, Підволочиськ)",,1990,
Медична освіта (журнал),,1999,
Медична академія,,1997,
Високий замок,,1991,
Голос України,,1991,
Донецькі новини,,1990,
Закон і Бізнес,,1991,
Команда,,1995,
МІГ,,1991,
Q4305560,,1997,
Часопис картографії,,1996,
Я козачка твоя,,1990,
Магістраль,,1992,
Міжнародний туризм,,1992,
Свобода,,1990,
Світова географія,,1997,
Срібна Земля,,1992,
Сходознавство,,1997,
Пам'ятки,,1998,
Постметодика,,1993,
Пропозиція (журнал),,1994,
Рекреації,Андрухович Юрій Ігорович,1990,
Світ (газета),,1997,
Світо-Вид,,1990,
Село полтавське,,1991,
Серія «Словники України»,,1994,
Слово лікаря,,1992,
Студії з архівної справи та документознавства,,1996,
Схід-Захід,,1998,
Сєвєродонецькі вісті,,1999,
Сіверянський літопис,,1994,
Театральна бесіда,,1997,
Тернопіль (журнал),,1990,
У кожен дім,,1996,
Україна Модерна,,1996,
Фінанси України (журнал),,1995,
Біологія тварин,,1998,
Журавлик,,1993,
Ковчег Всесвіту,Руденко Микола Данилович,1990,
Лель,,1992,
Математика,,1998,
Український географічний журнал,,1992,
Український гуманітарний огляд,,1999,
Флот України,,1992,
"Воля (газета, Теребовля)",,1992,
Літературний Львів,,1992,
Наша Берегиня,,1995,
Вісник геодезії та картографії,,1993,
Крила України,,1999,
Календар Благовіста,,1992,
Кіно-Театр,,1995,
Імідж сучасного педагога,,1999,
Рідне Прибужжя,,1991,
Вісник НТШ,,1991,
У світі математики,,1995,
Q32361149,,1991,
Березанські відомості,,1995,
Вісник Книжкової палати,,1996,
X3M (журнал),,1999,
"Журнал математичної фізики, аналізу, геометрії",,1994,
Хата,,1995,
Коштовне та декоративне каміння,,1995,
Вісник Полтавської державної аграрної академії,,1998,
RIA+,,1999,
Вісник Національної академії керівних кадрів культури і мистецтв,,1999,
Q93300105,,1990,
"Василь Стус і Михайлина Коцюбинська. Листи друзям та знайомим, українською, 1997. Книга",,1997,
"Василь Стус і Оксана Дворко, Листи до рідних, українською, 1997. Книга.",,1997,
Фантастика. Пригоди. Детектив,,1990,
Література плюс,,1998,
Вісник Харківської державної академії культури,,1999,
Заповідна справа (журнал),,1993,
Український історичний збірник,,1997,
Реквієм для Лариси,,1999,
ITC.ua,,1995,
Холмський Вісник,,1999,
Проблеми гірського тиску,,1995,
Кременецький вісник,,1999,1941.0
Чотирнадцять столиць України,Вінграновський Микола Степанович,1997,1997.0
Список наукових журналів ВНТУ,,1996,
Новітня філологія,,1992,
Український радіологічний та онкологічний журнал,,1993,
Старий Замок,,1997,
Культура України (збірник),,1993,
Жіночий світ,,1998,
Архів Василя Стуса,,1991,
Foreign Exile Collection at Libri Prohibiti,,1991,
Zhelyu Zhelev Collection,,1997,
Державний реєстр фільмів,,1998,
Sweet Home 3D,,2006,
Dancing Lasha Tumbai,,2007,2007.0
Data Life Engine,,2004,2004.0
Webnode,,2008,
Rutracker.org,,2004,
DeaDBeeF,,2009,
Міський електротранспорт,Artyom Svetlov,2006,
UA-Футбол,,2002,
XP Tweaker,,2003,
EBird,Орнітологічна лабораторія Корнелла,2002,
korrespondent.net,,2000,
"Гідрологія, гідрохімія і гідроекологія",,2000,
Ярослав Мудрий,,1973,2000.0
Обозреватель,,2001,
Ольжині читання,,2005,
OpenMediaVault,,2009,2009.0
Політичний менеджмент (журнал),,2001,
Соціальна психологія (журнал),,2001,
Чорноморська безпека,,2005,
Яндекс.Карти,Яндекс,2004,
Український тиждень,,2007,
Богдан Хмельницький,,1948,2000.0
Деловая столица,,2001,
M1 (телеканал),,2001,
НТН,,2004,
Psi,,2001,
Енциклопедія життя,Фундація Альфреда Слоуна,2008,
CKEditor,,2003,
0 A.D.,,2001,
"Ще не вмерла України і слава, і воля",,2003,
Git,,2005,2005.0
Moodle,,2002,
українська Вікіпедія,,2004,
Google Scholar,,2004,
Memory Alpha,,2003,
Soldat,,2001,2002.0
Microsoft OneDrive,,2007,
Українська правда,Гонгадзе Георгій Русланович,2000,
Odnoklassniki,Попков Альберт Михайлович,2006,
Odnoklassniki,Попков Альберт Михайлович,2006,
Google Map Maker,,2008,
Львівська газета,,2002,
QGIS,,2002,
Mantis Bug Tracker,,2000,2000.0
SPIP,,2001,
Нова Тернопільська газета,,2000,
Отчий поріг,,2002,
Офіційний вісник Президента України,,2007,
П'ятниця (газета),,2003,
Позашкілля (газета),,2005,
Полтавіка. Полтавська енциклопедія,,2008,
Лиса Гора. Історико-краєзнавчий нарис,Шитюк Микола Миколайович,2006,
Літературний Тернопіль,,2008,
Морська держава (журнал),,2003,
Музей покинутих секретів,Забужко Оксана Стефанівна,2009,2009.0
Музеї України (журнал),,2004,
Місцеве самоврядування (газета),,2009,
Соціально-економічні проблеми і держава,,2008,
Спільне: журнал соціальної критики,,2009,
Туризм і відпочинок,,2006,
Прилуки. Фортеця,,2008,
Психологія і суспільство,,2000,
Реєстр особових гербів Українського геральдичного товариства,,2003,
Село не люди,Люко Дашвар,2007,
Складні системи і процеси,,2002,
Украдене щастя,,1958,2000.0
Квіти Содому,Ульяненко Олесь Станіславович,2005,
Книжник-review,,2000,
Коли цвіте папороть,,1978,2000.0
Країна (журнал),,2009,
Карпати. Туризм. Відпочинок,,2004,
Рибогосподарська наука України,,2007,
День Перемоги,,2003,
Work.ua,,2006,
Міжнародний науково-практичний журнал «Товари і ринки»,,2005,
Новинар (журнал),,2007,2007.0
Газета по-українськи,,2005,
Worldometer,,2008,
Сад Галатеї,,2006,
Географія та туризм,,2007,
Kino-teatr.ua,,2000,
Rozetka,,2005,
Євробюлетень,,2006,
Арсенал,,1959,2000.0
Атлантична панорама,,2005,
Вестник Кривбасса,,2000,
Вірую (книга),Хорунжий Юрій Михайлович,2001,
Вісник Інституту економіки та прогнозування,,2000,
Генеалогічні записки,,2000,
Главред,,2002,
Гілея (науковий вісник),,2004,
Дванадцять обручів,Андрухович Юрій Ігорович,2001,
Дефіляда (роман),Кожелянко Василь Дмитрович,1997,2000.0
Динамо Київ (журнал),,2001,
Економічна теорія (журнал),,2003,
Енеїда,,1910,2000.0
Золотий обруч (опера),,1923,2000.0
Казковий вечір,,2000,
Вогненні стовпи,Іваничук Роман Іванович,2005,2006.0
Вогненні стовпи,Іваничук Роман Іванович,2005,2011.0
Вогненні стовпи,Іваничук Роман Іванович,2005,2019.0
Вища школа,,2001,
Спортивка,,2004,
Вікіджерела українською мовою,,2006,
Україна дипломатична,,2000,
Українська дипломатична енциклопедія,Губерський Леонід Васильович,2004,2004.0
Мілітарний,,2009,
Український соціум,,2002,
Український фантастичний оглядач,,2007,
ФутболПростір,,2009,
Через віхи історії,,2004,
Щорс,,1938,2000.0
Ярослав Мудрий,,1972,2000.0
Номер один,,2005,
Art Ukraine,,2007,
Urban Strike,Кушнір Антон Андрійович,2008,2011.0
Вісник Астрономічної школи,,2000,
Деньги,,2006,
Київська Русь,,2006,
Колосок,,2006,
Лексикон інтимних міст,Андрухович Юрій Ігорович,2005,
РБК-Україна,,2005,
Godot,,2007,2014.0
База даних SCP,,2008,2008.0
Crowdin,,2009,
"Таємне Товариство Боягузів, або Засіб від переляку № 9",Леся Воронина,2006,
Фармацевтичний часопис,,2006,
Чортківський Вісник,,2007,
Золота Пектораль,,2007,
Теорія та методика фізичного виховання,,2000,
Зовнішні справи,,2009,
«Верховенство права»: Монографія,,2006,
Цитаделя: Львівський мілітарний альманах,,2009,
mpop,,2004,
"Газета ""Ажур""",,2005,
Коментарі,,2002,
Credo.Press,,2002,
Радіодиктант національної єдності,,2000,
Український біатлон,,2006,
DynamoMania.com,,2001,
KinoFilms.ua,,2006,
UAportal,,2000,
Яндекс.Метро,,2007,2008.0
Літера Н,,2004,
«Тюрма на Лонцького»,,2009,
Колекція Музею “Шістдесятництва”,,2000,
"Collection of burgees of the ""Solidarity"" Labour Union",,2009,
Vìsnik Akademìï ekonomìčnih nauk Ukraïni,,2002,
Міфологія і фольклор,,2008,2008.0
Q110811214,,2001,
Українці в Сполученому Королівстві : інтернет-енциклопедія,,2008,
Inkscape,,2003,2003.0
Scribus,,2003,2003.0
Joomla,,2005,2005.0
macOS,,2001,2001.0
The Pirate Bay,Gottfrid Svartholm,2003,
QIP,,2005,2005.0
Chromium,,2008,2008.0
Гендерний журнал «Я»,,2003,
Novitates Theriologicae,,2000,
Економічна діагностика та прогнозування розвитку регіонального ринку туристичних послуг,Забалдіна Юлія Борисівна,2006,
Tina Karol,,2007,
Кузя,,2008,
Вивчаємо українську мову та літературу,,2003,
Pinterest,Бен Зільберманн,2010,
Coursera,Дафна Коллер,2012,
Firefox для мобільних пристроїв,,2010,2011.0
Counter-Strike: Global Offensive,,2012,2012.0
Counter-Strike: Global Offensive,,2012,2014.0
Simutrans,,1999,2016.0
Футбол 24,,2010,
Meridian Czernowitz,,2010,
NewsOne,,2010,
Биті Є (трилогія),Люко Дашвар,2011,
Яндекс.Браузер,,2012,2012.0
Mega,Кім Дотком,2013,
OsmAnd,,2013,
Megogo,,2011,
NV,,2014,
Фелікс Австрія,Андрухович Софія Юріївна,2014,2014.0
Чорне Сонце,,2014,
Universe Sandbox 2,,2019,2015.0
ІнформНапалм,,2014,
Твердиня,Кідрук Максим Іванович,2011,2013.0
Шкільний бібліотечно-інформаційний центр,,2011,
Я вивчаю українську,,2010,
Godot,,2007,2014.0
Путін — хуйло!,,2014,2014.0
Privacy Badger,,2014,
Windows 10,,2015,2015.0
Мова і суспільство,,2010,
Світ Фентезі,,2013,
Сільські відомості,,2011,
Озброєння та військова техніка,,2014,
Оформляндія,Маркіян Камиш,2012,
Яндекс.Диск,,2012,2012.0
Яндекс.Музика,,2010,
Іловайський щоденник,,2016,2017.0
Українська Вікімандри,,2013,
Pepper&Carrot,Давід Рева,2014,
Рейтинг Букмекерів,,2012,
Ukrainians (соцмережа),,2017,
Центр «Миротворець»,Тука Георгій Борисович,2014,
Вогненні стовпи,Іваничук Роман Іванович,2005,2011.0
Вогненні стовпи,Іваничук Роман Іванович,2005,2019.0
Жорстоке небо,Кідрук Максим Іванович,2013,2014.0
Juvenia Studia,,2011,
Геологічний словник,,2012,
Діяння небожителів,Гребенюк Віктор Іванович,2011,2011.0
Телеграм,,2013,2013.0
Еспресо TV,,2013,
Надсегурська Україна (журнал),,2014,
Urban Strike,Кушнір Антон Андрійович,2008,2011.0
Біологія для допитливих,,2010,
Лівий берег,,2010,
Савік Шустер Студія,,2015,
Армія FM,,2016,
СВОЄ,,2012,
Розробка родовищ,,2013,
Акваріум,Чупа Олексій,2015,
Збруч,,2013,
ПРОІГРИ,,2013,
Каменярі (тижневик),,2010,
Голос Хоростківської громади,,2017,
Djinni.co,,2012,
LineageOS,,2017,
YaKlass,,2013,
"Бібліотечний форум: історія, теорія і практика",,2015,
RECвізити. Антологія письменницьких голосів,,2013,
КіноБаза,,2016,
Вісник Дніпропетровського університету. Серія: Менеджмент інновацій,,2012,
Час Київщини,,2012,
Лист Віктора Януковича,Віктор Янукович,2014,2014.0
Центр новин,,2016,
Крок у rock,,2011,
Чернігівський науковий часопис,,2016,
Наукові записки ПОІППО,,2011,
Євробачення. Національний відбір,,2016,
Академія юного моделіста,,2012,
Крим.Реалії,,2014,
DMarket,,2017,
Мелітопольський краєзнавчий журнал,,2013,
"Мікросистеми, електроніка та акустика",,2017,
monobank,,2017,2017.0
Букнет,,2015,
Адміністративне право і процес,,2012,
Куншт,,2015,
Студвей,,2013,
Геотехнології,,2018,
євробляха,,2014,
Tokar.ua,,2016,
Козацький край,,2011,
Mechanics and Advanced Technologies,,2017,
Слово честі,,2014,
Наука України: доступ до знань,,2016,
Україніка,,2017,
Спеціальні кореспонденти,,2017,
Енциклопедія Носівщини,,2019,
Український ентомологічний журнал,,2010,
Ukrainian Studies,,2015,
Новинарня,,2016,
Справа Василя Стуса. Збірка документів з архіву колишнього КДБ УРСР,,2019,2019.0
Відкритий український індекс наукового цитування,,2019,
Історична Правда,,2010,
Delta Chat,,2016,2016.0
DzygaMDB,,2019,
Смайлик,,2011,
Естетика жебрацтва,Корчинський Дмитро Олександрович,2018,
Українська бібліотечна енциклопедія,,2012,
Nexta,,2015,
Пам'ятки України: національна спадщина,,2017,
CodevTT,,2010,
Всесвіт за колючим дротом: спогади і роздуми дисидента,Маринович Мирослав Франкович,2016,
Євромайдан-Варшава,,2013,
EKOROBKA UA,,2011,
UA1,,2018,
Ukraine-Casino,,2019,
СЛУХ,,2018,
Muzmapa,,2014,
Terra Incognita,,2017,
Promocodius,,2016,
Projector Institute,,2015,
Foxycredit,,2019,
Труха Украина,,2019,
Телеграф (сайт),,2012,
Новини Тернопільщини,,2014,
LibreOffice,,2011,2010.0
LibreOffice,,2011,2011.0
Сільський господар плюс,,2017,
Balkan Scientific Review,,2017,
БЖ,,2015,
Цифрова бібліотека історико-культурної спадщини,,2011,
РІА-Південь,,2013,
Кіно-коло,,1997,2024.0
DeepStateMapLive,,2022,
Реєстр держZрадників,,2022,
UABlocklist,,2023,
Струна,,2020,2020.0
Windows 11,,2021,2021.0
Gazeta.Lviv,,2021,
U Travel,,2021,
RMF Ukraina,,2022,
"Русскій воєнний корабль, іді… !",,2022,2022.0
United24,,2022,
GameKombo,,2023,
Державний реєстр фільмів,,2023,
Реєстр суб'єктів у сфері медіа,,2023,
"Як рубали вишневий сад, або Довга дорога з Бад-Емсу",Забужко Оксана Стефанівна,2020,2021.0
Кременецький культурний контекст,,2024,
Резерв+,,2024,
Revolt,,2021,
Фантастичні talk(s),,2021,
The Global Psychotherapist,,2021,
